sentence1	sentence2	label
through cooperation, children can learn about interpersonal skills which are significant in the future life of all students	during the process of cooperation, children can learn about how to listen to opinions of others, how to communicate with others, how to think comprehensively, and even how to compromise with other team members when conflicts occurred	high
competition makes the society more effective	the significance of competition is that how to become more excellence to gain the victory	low
without the cooperation, there would be no victory of competition	when we consider about the question that how to win the game, we always find that we need the cooperation	low
without the cooperation, there would be no victory of competition	take olympic games which is a form of competition for instance, it is hard to imagine how an athlete could win the game without the training of his or her coach, and the help of other professional staffs such as the people who take care of his diet, and those who are in charge of the medical care	high
through cooperation, children can learn about interpersonal skills which are significant in the future life of all students	what we acquired from team work is not only how to achieve the same goal with others but more importantly, how to get along with others	low
sustaining the cultural values of immigrants is paramount essential	many australians come this day to enjoy the shows, learn about the cultures and admire the diverse values	high
sustaining the cultural values of immigrants is paramount essential	these feedbacks, in turn, help raise one's pride of their cultures and help people understand each other more	high
keeping the cultural traditions in the destination countries is tremendous important	it is crucial to keep one's identity	low
it is crucial to keep one's identity	they need a connection back to their country as well as teach their children their value of origin	high
tourism has clearly improved lives in the tourist country	international tourism promotes many aspects of the destination country's economy in order to serve various demands of tourists	high
tourism has clearly improved lives in the tourist country	take cambodia for example, a large number of visitors coming to visit the angkowat ancient temple need services like restaurants, hotels, souvenir shops and other stores	high
tourism has clearly improved lives in the tourist country	these demands trigger related business in the surrounding settings which in turn create many jobs for local people improve infrastructure and living standard	high
tourism has survived many non-tangible cultural values and beauty scenes	in vietnam, many cultural costumes and natural scenes, namely 'trong dong' drum performance and 'ha long' bay, are being encouraged to preserve and funded by the tourism ministry	high
tourism has survived many non-tangible cultural values and beauty scenes	without this support and profit from tourism, many traditional cultures would disappear due to its low income works	low
international tourism can create negative impacts on the destination countries	take thailand for example, in the vietnam war, many american soldiers came to thailand for a break and involved in sexual and drug activities, these huge demands caused many local businesses opened and expanded, even illegally involved in under-age prostitutes to maximize their profits	high
many marine lives have been endangered, in the extremes part of the reef become uninhabitable for these marine species	as the australia's great barrier reef has shown, the billion visitors per annum has generated immense destruction to this nature wonder, namely breaking the corals caused by walking or throwing boat's anchors, dropping fuel and other sorts of pollutions	high
tourism has threatened the nature environments	many marine lives have been endangered, in the extremes part of the reef become uninhabitable for these marine species	high
studying at an overseas university gives individuals the opportunity to improve social skills by interacting and communicating with students from different origins and cultures	compared to the peers studying in the home country, it will be more likely for the one who is living overseas to be successful in adapting himself/herself into new environments and situations in life	high
living and studying overseas is an irreplaceable experience when it comes to learn standing on your own feet	one who is living overseas will of course struggle with loneliness, living away from family and friends	low
one who is living overseas will of course struggle with loneliness, living away from family and friends	those difficulties will turn into valuable experiences in the following steps of life	low
one who has studied and lived overseas will become more eligible for the job than his/her peers	becoming successful in this study will give the student an edge in job market	low
students who study outside their countries can get a lot of experience living in a foreign country	living in a new country requires a great amount of flexibility and adaptability in one's character	low
students who study outside their countries can get a lot of experience living in a foreign country	they should be able to deal with the obstacles that they may encounter	low
the new academic experience that the students can obtain at the institution where they are pursuing their studies	they will get exposed to a different educational system	low
most important is the cultural aspect of the experience	while living in a foreign country, students can learn a lot about the culture of that country	low
most important is the cultural aspect of the experience	they can meet different people of the country	low
most important is the cultural aspect of the experience	learning about others' cultures is so important	low
the print media has failed to keep its important role in the provision of information	contrary to the past when people had to wait long hours to take a daily newspaper, nowadays, they can acquire latest news updated every second through their mobile phones or computers connected to the internet, everywhere and at anytime	high
the print media has failed to keep its important role in the provision of information	as can be seen, these devices and machines are very common in all parts of the world, making it easier for people to read a number of things that newspapers can not provide in only some pages	high
the number of people reading newspapers may continue falling sharply, possibly leading to the close-downs of many in the coming time	from the economic aspect, buying newspapers appears to be a waste of money when the internet becomes available for every one	high
the number of people reading newspapers may continue falling sharply, possibly leading to the close-downs of many in the coming time	the answer, perhaps, is that hardly would rational people do so	low
if countries, especially the developing countries, are determined to take off, one of the key points governments should set on agenda is to educate more qualified future citizens through elementary education	government should guarantee that all people have equal and convenient access to it	low
government's big budget on universities may attract more excellent intellectuals and researchers into the country and enjoy a higher reputation worldwide	researches into humanities and art still need large amount of money	low
some may argue that universities can support themselve well by donation or invention	this argument is invalid	low
government's big budget on universities may attract more excellent intellectuals and researchers into the country and enjoy a higher reputation worldwide	some may argue that universities can support themselve well by donation or invention	high
having a considered roommate is significantly imperative to our school life	consideration is always important in relationship	low
consideration is always important in relationship	roommate turns down the music or television volume at night time	low
having a considered roommate is significantly imperative to our school life	sometimes we will not know what we have done until we have a taste of our own medicine	low
having a considered roommate is significantly imperative to our school life	at all times, think about the other's feeling before doing any self-centered action would help to improve the roommate relationship tremendously	high
having a considered roommate is significantly imperative to our school life	it will not only prevent conflicts but also to have a friend or even a family member	low
communication is very important	communication is as well making a good roommate	low
communication is very important	one might think this is a piece of cake while other would consider it as immense project	low
communication is very important	if one requested to move out just because his roommate do not tidy up the blanket in the morning might be crying over split milk	low
communication is very important	it would clear up the misinterpretation	low
they help alleviate traffic congestion and decrease the amount of carbon released into the air	such public vehicles are used to serve a large number of people in society	low
this is sure to lead to more carbon emitted into the atmosphere, which can cause skin cancer and destroy the natural environment	if governments use more money to improve roads, there is a strong likelihood that more people drive their private cars work	high
the policy that concentrates money on developing public transportation brings an advantageous impact on earth	if there are more good buses, trains, or subways, people are inclined to use less private vehicles, which decreases the amount of carbon released	high
governments have to turn people' attention on public vehicles to reduce cars and motorbikes	the policy would play a pivotal part in relieving traffic jam	low
governments have to turn people' attention on public vehicles to reduce cars and motorbikes	there are a great number of vehicles flowing on roads	low
if the entire nation, from their school ages begin going for sports and try doing that everyday, eventually it may help to build healthy nation	the more we practice, the better we feel	low
when we practice outdoors and indoors sports, many aspects are getting clearer	the school basketball team gains more knowledge on how to succeed in some particular kind of throwing the ball into hoot practicing rather than learning theoretically	high
financial sustainability of a region mostly depends on how healthy the population is	the money invested into physical education program can save allocations into healthcare	high
the money invested into physical education program can save allocations into healthcare	the nation is comparatively healthy	high
putting physical activities in early steps of human development would finally lead to mentally healthy society	physically healthy people can contribute more both into economical and social development	high
putting physical activities in early steps of human development would finally lead to mentally healthy society	the better a person feels, the better his brain works	low
putting physical activities in early steps of human development would finally lead to mentally healthy society	it ends up with financially competitive country	low
email can be count as one of the most beneficial results of modern technology	many years ago, peoples had to pay a great deal of money to post their letters, and their payements were related to the weight of their letters or boxes, and many accidents may cause problem that the post could not be delivered	high
with the advent of internet and online paying systems, you can do many thing at your home easily	another important aspect on technology is transferring money	low
with the advent of internet and online paying systems, you can do many thing at your home easily	today, students can apply for foreign universities much easier than before	low
another technological innovations which help people around the world is related to medical equipments	biomedical engineers could make a significant effect on increasing life expectancy the world	low
another technological innovations which help people around the world is related to medical equipments	one of their inventions was related to artificial heart valves which can be count as a turning point in heart surgeries	high
another technological innovations which help people around the world is related to medical equipments	in the past time doctors used pig heart's valve to implant, but the patient could not be alive more than 3 years after the replacement	high
another technological innovations which help people around the world is related to medical equipments	but now, biomedical engineers can make artificial heart valves which works well and doctors can implant them easily	high
when they come across a high-tech product like a cellphone, they will be obsessed with its mysterious functions and eager to know how it works	children are curious about everything around them	low
instead of interfering children's creativity, technology actually encourages children to learn and to create	when they come across a high-tech product like a cellphone, they will be obsessed with its mysterious functions and eager to know how it works	high
instead of interfering children's creativity, technology actually encourages children to learn and to create	bill gates was attracted by the original huge computer, then he did everything he could to understand how it worked	high
instead of interfering children's creativity, technology actually encourages children to learn and to create	in the end, he successfully invented a computer that was easy to use and lightweight	high
the diverse knowledge that children gained from different parts of the world, inspires children and encourage them to create new things	technology widen children's knowledge	low
the diverse knowledge that children gained from different parts of the world, inspires children and encourage them to create new things	knowledge is the base of creativity	low
technology may have negative effects on children	with the development of technology, increasingly more young people become obsessed with high-tech products	high
students at schools and universities still learn much more from lessons with teachers	and when they are in primary school, teachers teach them more further knowledge, like writing skills and using computers	high
students at schools and universities still learn much more from lessons with teachers	it is teachers that help them with obstacles in schooling	low
students at schools and universities still learn much more from lessons with teachers	students gain most of the knowledge through teachers and learn what is right and wrong with the assistance of teachers	high
they can only input some key words and google it, and then there are numberless articles and websites related to it	students learn things easily	low
they contend that good television programs do teach students	students have knowledge of others cultures, outer space etc	low
it is easy to point out many benefits users can get from email and text messaging, which answers to the question of their great popularity	such ways usually made people have troubles for the expensiveness, difficulties in far communication or emergency and the loss of information	high
it is easy to point out many benefits users can get from email and text messaging, which answers to the question of their great popularity	thanks to the function provided by email and text messaging (sms), it is cheaper and faster to transfer a lot of information, even to many people at the same time	high
it is easy to point out many benefits users can get from email and text messaging, which answers to the question of their great popularity	they are so convenient that the majority of population prefer to use them instead of some traditional ways	high
language in writing is not in its original form	people tend to use slangs and abbreviated words to shorten their writing and save more time in communicating for other activities	high
language in writing is not in its original form	people compose a message with only emoticons (the expressions by face created by service providers), which means there is no room for writing or typing texts	high
the popularity of email and text messaging, as a result, leads to the losing of written language's position	it is more dangerous that youngsters sometimes use such new languages in their studying, writing assignments	high
doing this various testing is a hazard of human's future and next generation	animals are friendly and vital for people	low
doing this various testing is a hazard of human's future and next generation	the animal experiments accelerate the vanishing of some categories of animals	low
animal experiments have negative impact on the natural balance	it is necessary to make sure that people can live a long life	low
in spite of enjoying watching television shows, it is really time consuming task	emergence of new television channels or shows are not surprising	low
in spite of enjoying watching television shows, it is really time consuming task	this is a problem that suffers all of us everyday	low
watching television programs makes us lazy	we usually spend our times in front of television for at least three ours a day when we come back home after eight-hour working in the office	high
watching television programs makes us lazy	this makes us a lazy person who prefers to do sedentary activities like watching television shows rather than be active and sociable	high
some television programs have a negative effect on viewers	these genre of programs has more negative effects on our teenagers	low
women have proved themselves in every field whether it is indoor or outdoor	nowadays women are working in home as well as in the sky	low
universities follow the requirement of job providers and decide subject suitable for particular gender	the current job market affects the decision of universities	low
universities follow the requirement of job providers and decide subject suitable for particular gender	the job selection criteria are pre decided	low
the job selection criteria are pre decided	employers need male candidates for the heavy work such as repairing and installation of heavy machine	high
employers need male candidates for the heavy work such as repairing and installation of heavy machine	they prefer male staff for night shifts	low
employers need male candidates for the heavy work such as repairing and installation of heavy machine	they want female candidates for soft natured work like counseling, teaching, designing etc	high
we must give them opportunity to achieve their goal	our youth has become very confident towards his career	low
we must give them opportunity to achieve their goal	they are not ready to be bound in certain limitations	low
their lives are going to be more difficult, when they are away from home	they will have to pay a lot of bills	low
their lives are going to be more difficult, when they are away from home	they will have to find a lodging or at least a place where to live and in order to have less expenses they will have to find a co-tenant, who they may not like	high
living in their own houses will save the young adults a lot of money	if they live separate from their parents they will have to pay for a loan, electricity, water or even for a meal	high
living in their own houses will save the young adults a lot of money	there will not be such worries when young adults live in their own home	low
there will not be such worries when young adults live in their own home	parents will take care for them	low
another problem that the young adults may encounter is to find a co-tenant, who they do not like	his habits may be totally different from theirs, his behavior may be inappropriate, but they will have to live with him or even share a room, in order to have less expenses	high
another problem that the young adults may encounter is to find a co-tenant, who they do not like	living with such a person may be a huge problem for the young adults	low
another problem that the young adults may encounter is to find a co-tenant, who they do not like	they are most likely to quarrel every day, instead of to help each other	low
if these companies were obliged to pay to clean up the air pollution, they would at least make an effort to reduce the amount of air pollution they cause	while these companies make a huge amount of money from their businesses, most of them are not considering to take precautions to reduce the amount of air pollution	high
by charging private individuals for causing air pollution, that will at least contribute to reduce the amount of the pollution	private individuals cause air pollution in several ways such as inessential use of cars and house heating	high
by charging private individuals for causing air pollution, that will at least contribute to reduce the amount of the pollution	as house heating is a major need in the winter time, some households do not consider to use filters to reduce the amount of pollution that the heating causes	high
the most effective way to convince consumers to purchase a product is through advertising	it is not sufficient in itself	low
it is not sufficient in itself	the product also should satisfy the needs of the consumers	low
advertisers push the limits of creativity to dispose the consumers to purchase the product	we are mainly introduced to products through advertisements	low
advertisers push the limits of creativity to dispose the consumers to purchase the product	when the consumers are impressed by the way a product is advertised, they can be convinced to consider that the product is a need in some cases	low
advertisement is the most effective way to create a well-known product	the more an advertisement of a product takes place in mass media, the more popular the product becomes	low
they make the product preferable	when a product is commonly used, it becomes trustworthy for the society, no matter what quality it is	low
it is a loss of national productivity that young people spend much time on searching for high salary jobs, even can be a sheer time-consuming	labors for graduates are in short supply	low
universities provide not only skills for careers, but also academic knowledge for the human race, such as bio science, politics, and medicine	these academic values are necessary to the progress of the world	low
diverse experiences in the campus life can make the young generation more competently	there are a number of chances through internships, deeper discussion, independent life, and exchange scholarships	high
almost everything that changed our lifestyle a lot will also cause some social problems	speaking loudly on the phone in public areas, such as schools, libraries and hospitals appears to be very impolite and offensive	high
almost everything that changed our lifestyle a lot will also cause some social problems	some students utilize their cell phones as an effective cheating tools in examinations in which they can send and receive answers by texting each other	high
some harmful effects on our health are lethal	it has been proved that overusing of the electronic devices including mobile phones could lead to higher possibility of suffering hearing loss and even cancers, although the further investigation are needed	high
there is panic among people that their conversation can be intercepted by the third party	this possibility exists all the time	low
the mobile phone has become a dispensable multifunctional tools in people's daily life	not only used for communication, but it also functions as an internet browser, a music player, a personal organizer and so forth	high
children who play games too much on computer can seriously lack communicating skills	they will know little about the outside life	low
several teenagers play games without rest, which leads to health depression	a typical example is the death of korean gamer, who had a non-stop playing for 3 days	high
people who are addicted to games, especially online games, can eventually bear dangerous consequences	several teenagers play games without rest, which leads to health depression	high
even people who are not interested in online game can still be negatively affected by using computer too much	some social surveys have shown that a few children use computer for studying purpose, most of them are attracted by facebook, blog, etc. instead	high
some social surveys have shown that a few children use computer for studying purpose, most of them are attracted by facebook, blog, etc. instead	they will have a bad result in school	low
the factory is not isolated, other industries and business will be quickly established, resulting in economic growth of local area	the estate industry will be boosted in order to satisfy the workers' accommodation need	low
it is true that some area are suffering the dire consequences caused by overdeveloping the industry, such as water pollution, overcrowded traffic and medical problems	in some industrial cities, a large proportion of the workers are suffering various breathing problems, such as asthma which can be caused by waste ashes and certain chemical substances	high
not cooking fresh food will also lead to the lack of nutrition	whereas some research has apparently demonstrated that prepared food is unable to support enough nutrients we need, especially for children who are growing up	high
the more prepared food we eat the more cooking skills we lose	at the increasing living pace, the majority of people tend to choose microwave as their unique cooker that help them prepare a dish in five minutes	high
education is an essential part in development	most developing countries are lack of educational resources, such as experienced teachers, evaluation systems and teaching facilities, which is usually neglected by local authorities	high
if the developed countries are unwilling to share their successful experience in education, the developing countries will remain undeveloped, even though they gain a great deal of economic support	education is an essential part in development	low
developing countries should not totally depend on the financial support from powerful countries	some powerful countries provide financial support in order to acquire the right to exploit the local resources and target the local labour market	high
developing countries should not totally depend on the financial support from powerful countries	they rarely provide local residents with any technological aid and even cause contamination in some areas	high
these kind of ads will have negative effect to our children	youngsters might be tempted to buy cigarettes or alcohol and later to start consume it on a daily basis	low
advertising alcohol, cigarettes, goods and services with adult content should be prohibited	some countries take this issue seriously and advertising alcohol, cigarettes and materials with adult content is banned on those countries	high
these days, not only many businesses, but also governments have to rely on advertising	in order to promote the country's attractions, the czech government has to advertise and sell its services to foreign consumers	high
it is no doubt that they play roles as a mother and as a wife better	these things in turn will make them more confident, independent	low
it is no doubt that they play roles as a mother and as a wife better	these women will set a good example for their children	low
there are many supporting conditions that help women balance housework and work	besides the gorvernment's policies on limited families and their husbands' sharing in the housework, many employers are willing to offer part-time jobs for women	high
they will be more responsible with their studies when they pay the fees themselves	students that already have a basic knowledge and education can get a part-time job and they can pay for their own studies when their parent could not afford to pay it	high
this will encourage all the parents to think of the way to help their children to achieve more in their lives	they need to make some contribution too for their children future	low
the methods to reduce the number of automobiles and to control car ownership and use should be immediately planned and implemented	once we get into the traffic jam, it forces us to waste our time for a while	low
alternative forms which emit less carbon dioxides and gasses than automobiles are ideal	this system is that at the corner of each district, the rental bicycles are placed and the people can ride it to the other districts with a small fee	high
alternative forms of transportation and international laws to control automobiles ownership and use can work effectively	the introduction of international laws can be also effective	low
aiding help poor countries in this situation solve their economical problems and run their own business	to be out of poverty, it is fundamental to support basic industry related factors such as light, electricity, load, highways, natural resources, technology and buildings for companies	high
aiding campaign gives a chance to considerate about poor people	it not only raises the notice the meaning of harmony and love, but also be a good chance to learn humane doctrine of globalization	low
the campaigns might include practical benefits	in globalized world, the economies of several countries are in a big network and must influence on each others	low
the campaigns might include practical benefits	when america mortgage loan system went bad, several economies of european and asian countries fluctuated, even any countries had to be gotten international supports to block its bankrupt	high
some people prefer to recognize globalization as a threat to ethnic and religious values of people of their country	the idea of globalization put their inherited culture in danger of uncontrolled change and make them vulnerable against the attack of imperialistic governments	high
globalization contribute effectively to the global improvement of the world in many aspects	developing globalization, people can have more access to many natural resources of the world and it leads to increasing the pace of scientific and economic promotions of the entire world	high
globalization contribute effectively to the global improvement of the world in many aspects	they admit that globalization can be considered a chance for people of each country to promote their lifestyle through the stuffs and services imported from other countries	high
they have more opprotunities to find a job and to be successful in the future	schools provide lots of academic knowledge to students	low
schools provide lots of academic knowledge to students	students may learn professional skills, expand their understandings and gain experiences	low
children should interrupt their school work and get a job	there are many subjects that will be of little value to them in the future	low
children should interrupt their school work and get a job	children can learn social skills when they have a job	low
children should interrupt their school work and get a job	they can get more experiences that can not be obtained at school	low
it is not about the function or quality of the commodities themselves but really the promotion of the good feeling of possessing the product	huge cooperation hire celebrities as the face of their product	low
it is not about the function or quality of the commodities themselves but really the promotion of the good feeling of possessing the product	by casting famous singers in their television advertisement, motorcycles or clothes for example, sales increase significantly	high
the quality obviously is not relatively important	having these products shows their status	low
it is not about the function or quality of the commodities themselves but really the promotion of the good feeling of possessing the product	the quality obviously is not relatively important	low
it plays and important role economically	advertisements can be falseful and exaggerated	low
they introduce new products, and provide various choices, not to mention they are often visually enjoyable	they aim to grab your attention	low
it plays and important role economically	advertising also helps to keep prices at reasonable levels, creates a fair environment for commercial competition	high
advertising also helps to keep prices at reasonable levels, creates a fair environment for commercial competition	otherwise the market may be monopolistic, and the price as well as the choice will not be so selective	high
the fewer guns possessed, the fewer accidents would happened, our surroundings would be safer with lower accident rates	we hear some news from time to time that someone was hurt by accident during the hunting	low
most violent crimes are related to the abuse of guns, especially in some countries where guns are available for people	in american, young adults and even juveniles can get access to guns, which leads to the tragedies of school gun shooting	high
most violent crimes are related to the abuse of guns, especially in some countries where guns are available for people	some terrorists are able to possess more advanced weapons than the police, which makes citizens always live in danger	high
the possession of guns can also raise the rates of suicide	in the us, firearms remain the most common method of suicide, accounting for about 50 per cent	high
it really help to alleviate the tension	an international sporting event is normal held in a country with huge interest from fans all over the world	high
it really help to alleviate the tension	people can understand more about a country	low
it really help to alleviate the tension	it is useful to ease tensions between nations	low
it really help to alleviate the tension	in fifa world cup 2010, the relation between north korea and south korea is dangerous for the warship sinking	high
it really help to alleviate the tension	the world suspected north korea of the aggressive action	low
it really help to alleviate the tension	it is rare times when people can learn about this country	low
an international sporting event also helps fans release patriotic emotions in a safe way	regardless of the competition between teams, their emotions are always released in a safe way due to the sole passion of the sport	high
an international sporting event also helps fans release patriotic emotions in a safe way	they will try to create a beautiful image about their land and people	low
an international sporting event also helps fans release patriotic emotions in a safe way	in olympic beijing 2008, chinese tried thier best to bring the world a spectacular image about their country	high
an international sporting event also helps fans release patriotic emotions in a safe way	foreigners came here always received the support of friendly volunteers who were young students	high
most members of our society can benefit from the consequences of technical advancements, especially the poor people	the progress of material technology leads to the sharp fall of price of a great number of products	high
technical developments improve productivity, which help people to escape from daily chores, and invest more time and energy in studying and living a more meaningful life	we had to spend a lot of time searching information and waiting for letters of our friends who lived far away from us	high
technical developments improve productivity, which help people to escape from daily chores, and invest more time and energy in studying and living a more meaningful life	we can talk with our friends online, no matter where we are and how far between us	low
technical developments improve productivity, which help people to escape from daily chores, and invest more time and energy in studying and living a more meaningful life	this therefore leads to greater equality between individuals	low
many facts about solar system can be discovered	if it was not for the space exploration, we would never know these facts	low
people can know more about the planet earth itself	by observing planet earth from outer space, people can find out ample things for example about the atmosphere of the planet earth	high
a great deal of sophisticated technology can be invented	as astronauts need to travel to outer space which does not have any oxygen to breathe in, scientists are compelled to do research on the oxygen tanks	high
students who get part time jobs have not only academic knowledge but also hands-on experience	that seems to be more essential the present shortage of sufficiently practical conditions supplied in universities	low
students who take on a part time job are often more confident and independent than other ones	by constant communicating with other colleagues daily in a company environment where their new ideas can be raised without hesitation, then students' confidence could be significantly gained	high
students who take on a part time job are often more confident and independent than other ones	working conditions require students the independency in thinking, working, and solving problems, which is greatly helpful when the characteristic is applied to tackle subjects in their universities	high
students can learn invaluable experiences through the period of time working for the institutions they are assigned to	the internship, although without pay, can give them the experiences that money cannot buy	low
companies save time and resources for searching new staffs and organizing an orientation	as for the companies, the unpaid interns can no doubt save some money	low
companies save time and resources for searching new staffs and organizing an orientation	the younger generations can help them generate new ideas as the students are not bound to restricted workload and they tend to have greater imagination, which can be essentially helpful when they are making a new advertisement or slogan	high
a raise or a promotion can no doubt increase the morale in the working places	junior high school teachers have great responsibility not only for students' private lives as they are going through adolescence but also their school work	high
junior high school teachers have great responsibility not only for students' private lives as they are going through adolescence but also their school work	it is an important phase for them to study hard and get into the high school they want	low
junior high school teachers have great responsibility not only for students' private lives as they are going through adolescence but also their school work	if the teachers receive higher salaries, they will be willing to spend more extra time mentoring the youngsters rather than hoping they learn in cram schools and so forth, as this is what is happening in taiwan	high
creating an enjoyable working environment is more realistic and essential if one wishes an increase in productivity and better employee performances	take google for example, the company offers recreation rooms and extra personal leaves for their workers to develop a more relaxing and supportive workforce	high
creating an enjoyable working environment is more realistic and essential if one wishes an increase in productivity and better employee performances	the employers can make sure the employees can actually focus and concentrate on their projects instead of thinking about their children or feeling pressured	high
world sports events strongly participate in eventually pulling back people towards friendship and peace	during times of war, people living in badly affected countries can forget about the gloomy environment and maintain a link with the rest of the world by listening to international sports event	high
during times of war, people living in badly affected countries can forget about the gloomy environment and maintain a link with the rest of the world by listening to international sports event	when irak was hardly struck by the second gulf war, its citizens tried to catch any incoming news about the footballworld cup through their portable receivers	high
during times of war, people living in badly affected countries can forget about the gloomy environment and maintain a link with the rest of the world by listening to international sports event	international sports competitions encourage people and put pressure on them to come back, sooner or later, to a relative peaceful normality	high
it is clear that people can freely express their patriotic feelings during international sports events	when the football world cup was organised in south africa, its citizens filled up the stadiums, cheered and waved national flags to support their national team on the field	high
it is clear that people can freely express their patriotic feelings during international sports events	this example demonstrates how people might take numerous elements from their roots and history to proudly display them while supporting their team	high
it would be a good implication by the government to generate electricity from other available sources	the major source of energy today is water	low
it would be a good implication by the government to generate electricity from other available sources	if the government encourage the use of nuclear, solar or wind energy there might not be any problem in distributing the required amount electricity	high
the sources most widely used currently to generate power releases extensive amount of gases into the atmosphere which increases global warming	the use of nuclear energy as an alternative to the hydro-kinetic energy causes less atmospheric pollution	high
government money should be spent on publicly beneficial programs only	addressing unemployment should have low priority	low
this does not mean we should leave alone those who do need assistance	they are already in reverse circumstances and it would be rather difficult for them to overcome the difficulties without external support	low
this does not mean we should leave alone those who do need assistance	the government ought to set up free vocational trainings or to provide interest-free bank loans for them, so that they can have the chance to get back to work	high
this does not mean we should leave alone those who do need assistance	it is beneficial to the society as a whole when the jobless can make contribution again	low
a university, in common sense, is a medium for conveying or providing access to knowledge	students are the ones universities should really cater for, not the employers	low
a university, in common sense, is a medium for conveying or providing access to knowledge	high school graduates choose to further educate themselves in universities because of all different reasons: a degree that's more widely accepted, gain knowledge and insight into an industry, or simply deepen their research interests in a certain field	high
it is our responsibility to create a natural and safe environment for animals to live in	it is the right of wild species to live in a environment away from human beings	low
it is our responsibility to create a natural and safe environment for animals to live in	given the fact that human beings are responsible for the heavy pollution and severe damage to the natural habitats of many wild animals	high
zoos are more likely to be a killer rather than a protector in protecting wild lives	the limited space and the artificial trees and lakes can not fully compensate the animals for their loss	low
zoos are more likely to be a killer rather than a protector in protecting wild lives	if rural animals are captured in the zoo for a long period, it would have negative influences on both the physical and psychological status of the creatures	low
zoos are more likely to be a killer rather than a protector in protecting wild lives	the wild species would suffer from isolation and depression	low
the endangered species preserved in zoos would never die of illegal hunting	the strict laws prohibiting poaching would provide a shelter for various kinds of animals in natural habitat	low
zoos, which are equipped with modern facilities and professionals, would provide better care for the animals inside	the growing number of natural habitat would be the ultimate solution of saving wild animals worldwide	low
distance-learning brings significant convenience for students in every corner of the world	in earlier times, students who were tired of commuting had to attend schools nearby, regardless of any differences in teaching facilities, teacher's qualifications or the school reputation	high
educational institutions are able to optimize costs by increasing teacher-student ratios	thanks to the economical online-teaching, universities and colleges are able to offer grants for students who have outstanding academic achievements but are unable to attend schools because of financial constrains	high
attending lectures in person provides students an opportunity to communicate with teachers and other classmates	they further point out that traditional teaching approaches involving discussion and cooperation among students play a significant role in campus life	low
these new forms of communication do bring a great deal of convenience to humankind	with a mobile phone or a laptop, a person can talk or send messages online at a bus stop, in a corner shop or anywhere they could imagine	high
people who live in poverty are less likely to be benefited from modern communication technologies	the more privileged are able to enjoy the benefits	low
people who live in poverty are less likely to be benefited from modern communication technologies	anyone who aims to use these innovations have to not only pay for the appliances such as a mobile phone or a computer but also cover up costs for communication services	low
many university authorities provide music lessons for their students	they live and study in a harmony with music	low
many university authorities provide music lessons for their students	music can be a useful and interesting solution	low
many university authorities provide music lessons for their students	the calm atmosphere in the class might be created	low
music and other entertaining subjects should be optional	music is the art which requires special attitude towards it	low
all professors and students need to have a modern and well-equipped library	a library is vital and strategical part of a university	low
all professors and students need to have a modern and well-equipped library	after internet, library plays an important role in research	low
universities support is vital for libraries	most libraries are free not for students also for public	high
there are good ways for sports activities to compensate their expenses, but it is very hard for libraries to find a good way for have an income	universities support is vital for libraries	low
there are good ways for sports activities to compensate their expenses, but it is very hard for libraries to find a good way for have an income	sport activities have a good income	low
investing in libraries has a long-time result	a library can buy a lot of new books or they can buy more computers	high
investing in libraries has a long-time result	most of the library facilities are stable and you can use them for a long time	low
investing in libraries has a long-time result	in the far future, they become more valuable	low
investing in libraries has a long-time result	most sports facilities except buildings are usually can be used in short-time and they are not persistent for a long-time	high
the prevalent of english brings a great number of benefits for people	in the ancient time, the different languages and geography set barriers for people to exchange their goods and ideas	low
the prevalent of english brings a great number of benefits for people	the innovation of plane and train solved the geographical barriers	low
the prevalent of english brings a great number of benefits for people	english is a beautiful language, which is more systematical and extensive than many other languages	low
the prevalent of english brings a great number of benefits for people	learning english can foster people's sentiment and nourish their literature and art	low
english is a sophisticated language	it does not express every detail of life especially in asia countries, which have totally different linguistic system	low
the dominated status of english has destroyed culture diversity and many less-used languages become extinct	english is a sophisticated language	low
these languages have special significance for people who belong to them and using english to replace them is crudity	language contains many aspects of people's daily life, which is influenced by culture, environment as well as religious	high
the dominated status of english has destroyed culture diversity and many less-used languages become extinct	these languages have special significance for people who belong to them and using english to replace them is crudity	low
human being has driven many animals for their personal use such as, cows and other milch animals for yielding milk from them	many people keep pets like dogs and cats, trained them as service dogs and snuffing dogs which are very helpful to police force and even to some blind peoples	high
human being has driven many animals for their personal use such as, cows and other milch animals for yielding milk from them	they are kept for security purposes in houses	low
many farmers and owners exploit animals beyond their limits	cows are often injected by oxytocin, a hormone which is used to forcibly increase lactation	high
many farmers and owners exploit animals beyond their limits	this in turn, causes lots of discomfort and pain to the cattle	low
many farmers and owners exploit animals beyond their limits	and above all pleasure hunting of defenseless animals	low
many farmers and owners exploit animals beyond their limits	many other practices like, equestrian sport where horses run miles and miles and beaten up by jockeys to make them run more faster	high
people who watch exhibitions on tv or internet at home, save the time and money on the road, which is increasingly significant particularly to people in modern society	technology indeed simplifies people's life all the time	low
these buildings will not disappear unless people abandon their culture	museums and art galleries preserve some culture heritages	low
the benefits of teaching students different units are easily recognized	teenagers are still too young and immature to decide what they are going to dedicate	low
the benefits of teaching students different units are easily recognized	most students regard the extra knowledge useless and impractical for their future jobs	low
this education model can cultivate more talents who specialized in different areas and increase studying effectiveness	the dullness of course may deeply influence their passion on study	low
enhances relationship and promotes international business	language obstacle is no longer a problem, which results in mutual understanding and trust between their mother land and the host country	high
communication between countries and cultures become convenient	enhances relationship and promotes international business	low
researchers, especially those who work on high-tech, would have wider range of references if they are good at english	they have no choice but choosing english as a second language	low
the culture heritage and nation identity vanish	english is making lesser-known languages disappear ever year	low
the culture heritage and nation identity vanish	this is really short-sighted, ignoring the rapid development of native economy and society	low
creative works help to create social awareness by giving a social message	time and again, creative artists like michaelangelo, picasso, salman rushdie, shakespeare etc. have made artistic works which gave a social message	high
innovative works makes people realize things in a peaceful way and peep into their own conscience	it helps to raise issues and criticize the wrong doings of the governments	low
it helps to raise issues and criticize the wrong doings of the governments	bangladeshi writer taslima nasrin was accused of acting against the government, just because she raised a social issue	high
it helps to raise issues and criticize the wrong doings of the governments	this type of approach is a hurdle in promoting creative minds	low
innovative works makes people realize things in a peaceful way and peep into their own conscience	creativity also gives aesthetic charm	low
like the media, artists should also be given the freedom to express their ideas freely	restrictions would just curb the innovative ideas of the artists and would limit their brains	low
co-operation is essential for teamwork	educational systems emphasize on encouraging co-operative approach in children	low
co-operation is essential for teamwork	we live in a social setup and mutual help and sharing only leads to success	low
co-operation is essential for teamwork	a person can not learn or achieve everything by oneself	low
co-operation is essential for teamwork	lions hunt in a team	low
lions hunt in a team	it is only due to their teamwork that they are able to catch a prey and make task easy	low
co-operation helps to understand other's perspective and learn by their mistakes	it helps to identify one's strengths and weaknesses as compared to others	low
competition helps in improvement and evolution	an individual must compete with oneself only, instead of trying to beat others	low
every other day, new cars are developed by companies which are more efficient than others	this kind of competition gives customers more options	low
competition should be always based on self-improvement rule	blind and selfish competition is detrimental	low
competition should be always based on self-improvement rule	'your loss, my gain' kind of competition can never be fruitful in the long run	low
capital punishment protects the society from hardcore criminals	"capital punishment is given only in the ""rarest of the rare"" cases"	low
capital punishment protects the society from hardcore criminals	its first and foremost objective is safety of other human beings	low
they can make mistakes which can sometimes affect an innocent, circumstantially marred criminals	the jury giving the verdict are also humans	low
they can make mistakes which can sometimes affect an innocent, circumstantially marred criminals	they have the life of a person at their discretion	low
a break will give students some time to refresh their systems, by traveling or following their hobbies	a continuous study pressure for over 10 years makes the mind saturated and like a robot, to follow instructions	low
a break will give students some time to refresh their systems, by traveling or following their hobbies	a relaxation of one year to young minds will give them a quintessential change	low
a break will give students some time to refresh their systems, by traveling or following their hobbies	when students start their university studies after a break, they will feel fresh and full of energy to take the new challenge	low
working or traveling for some time, after high school, can help them to find their field of interest	it will also help them to learn professional setup by working	low
working or traveling for some time, after high school, can help them to find their field of interest	some students even utilize this time for preparation of their desired university course	low
a break can disturb the focus of students and prove detrimental	it varies from individual to individual, how they utilize that period	low
a break can disturb the focus of students and prove detrimental	a break gives students more benefits than harms	low
computers provide speed, increase efficiency, accuracy, precision, help to increase productivity and other countless benefits are provided by it	in the modern world, computers are used everywhere	low
future prospects of computers are very bright	research on making computerized drone soldiers (unmanned computer controlled) is going on	low
future prospects of computers are very bright	there is no end to the evolution of computers	low
computers have made humans over-dependent	virus programs, privacy breach, leak of confidential documents, cyber attacks, identity theft, frauds etc. are some of its demerits, from a countless list	high
computers have made humans over-dependent	computers expose children to vulgar materials	low
computers have made humans over-dependent	they have even invaded mental health of humans, for example, fad (facebook addiction disorder - excessive use of social networking website facebook)	high
females should be given equal opportunities as males	the whole world aims for women empowerment	low
universities giving both genders equal opportunities, will prepare them for future challenges and will help in the long run	co-education helps both genders to gel well with each other	low
it helps them how to behave and cooperate and work together	students studying in boy's colleges do not generally know how to talk to a female or behave in front of them	high
it helps them how to behave and cooperate and work together	females studying in girl's colleges are too shy to face boys	low
it helps them how to behave and cooperate and work together	co-education will help to eradicate this kind of demerit in both	low
this kind of gender biased approach is detrimental for the development of the society	women have proved their mettle in every field	low
this kind of gender biased approach is detrimental for the development of the society	women like margaret thatcher, indira gandhi, mari curie etc., are symbols of women's intelligence and skills	high
people nowadays just spend one hour to prepare a meal instead of two, even three hours like in the last 10 years	with the development of science and technology, more advanced kitchen facilities, such as the modern microwaves or the advanced pressure cookers, have been created and invented to help people prepare and cook food in a very short time	high
it is certain that spending less time on cooking will be the main trend in near future	people nowadays just spend one hour to prepare a meal instead of two, even three hours like in the last 10 years	high
most of young people prefer to have meals at restaurants	they want to invest more time in their work or study to improve themselves	low
they find hard to have time to prepare and cook a meal	89% of people have come to think that, since they have been put in the situation which is filled with competitions and pressures, they have to use a lot of time to work hard, to update themselves, to acquire all kinds of skills and so on	high
most of young people prefer to have meals at restaurants	they find hard to have time to prepare and cook a meal	low
health and life of eaters is assured	even, with the help of ozone machines, bacterias, mold spores, or pesticide in vegetables, fruits and foods will be killed and removed	high
it is the educational functions traditional games hold that keep them alive today	there is a risk that children may be exposed to unhealthy contents, such as violence or pornography, arranged in the games by such companies to secure financial survival	high
it is the educational functions traditional games hold that keep them alive today	these traditional games were elaborately devised by educators and have been proven effective in improving children's skills on different aspects in previous teaching practices	high
entertaining facilities such as cinemas, theaters and sports stadiums are mostly profit-oriented	their existences are based on their marketing strategies, the condition of facilities and the volume of audience	high
entertaining facilities such as cinemas, theaters and sports stadiums are mostly profit-oriented	the competition among each of these facilities is an inevitable part of the free market, which should not be interfered by government	low
entertaining facilities such as cinemas, theaters and sports stadiums are mostly profit-oriented	the establishment of medical facilities or educational institutes is aimed to improve the health or education standard rather than earning profits, which deserves more funds from government	low
in terms of time and space, technology makes it more efficient and effective to promote the traditional skills and ways of life	in the past, only when people went to the local place could they experience the specific traditional lifestyles	low
especially youngsters, are crazier about fresh and advanced things, such as digital products, thus becoming indifferent to traditional techniques	people tend to follow the trend back to the tradition in the recent years	low
some people are concerned that technology may have a detrimental effect on the traditional lifestyles	especially youngsters, are crazier about fresh and advanced things, such as digital products, thus becoming indifferent to traditional techniques	high
one of the major concerns against freeing artists' creation derives from the fear of social misleading which would destabilize the society	the audiences have their own judgement and are not likely to be misled or influenced by some art work	high
one of the major concerns against freeing artists' creation derives from the fear of social misleading which would destabilize the society	art inevitably involves imagination, exaggeration and sometimes is purely fabricated; regardless of whether the work of art is based on truth or not, it is the public's authority to determine how to interpret its meaning	high
one of the major concerns against freeing artists' creation derives from the fear of social misleading which would destabilize the society	if the art displays unreality, the public audiences certainly have the acumen to recognise its untruthfulness and only appreciate its art value	high
one of the major concerns against freeing artists' creation derives from the fear of social misleading which would destabilize the society	the notion of being afraid of social misleading is unjustified	low
restrictions on exposure to adolescents should apply	some of the art work may contain negative implications such as insanity, violence, eroticism etc	high
restrictions on exposure to adolescents should apply	in the case of adults being the audience, there's really nothing to hide these negative things objectively exist on this planet and it is impossible for adults to be brain-washed only because of some pieces of creative art	high
this will definitely set a bad example for the immature audiences who, lacking correct parental guidance and abilities to differentiate the right from wrong, are prone to go astray by imitating the violent behaviors and committing real violent crimes	they regard the violence as reasonable and justifiable	low
violence, as one of the facts in the real world, certainly has to be reported	media, such as tv or film, is considered as the correct information source regulated by the government	low
violence, as one of the facts in the real world, certainly has to be reported	it should be reporting and reflecting true phenomenon in the society	low
excessive violence would offer misleading information to the public and exert detrimental influence to the society as well	it is recently reported in the news that a seventeen-year-old boy killed all his family members, one sister and two parents out of hatred and jealousy	high
women nowadays are much more active, they may be successful businessmen, they join the political world, they become scientists and so on	gone are the days when women could do nothing rather than stick to boring house work and take care of children	low
the revolution in females' right has brought about many benefits not only to themselves but society as well	women have the outstanding instinct to take up some careers like healthcare or human resource management due to their patience and elaboration	high
such changes do lead to some negative results like an upward trend in divorce rate	women find it difficult to balance their work and their traditional role as the wives	low
such changes do lead to some negative results like an upward trend in divorce rate	children might enjoy less care from parents as they are both busy with their work	low
it seems not easy to increase petrol price instantly	price control institution has been used in plenty of social areas, for example, in the farming products and in the real estate area	high
price control institution has been used in plenty of social areas, for example, in the farming products and in the real estate area	whether it can work out for alleviating traffic and pollution pressure ought to be evaluated	low
it seems not easy to increase petrol price instantly	pollutions are not just caused by the burning of oil, chemical pollutants, extra lights, also constitute considerable amount of pollution	high
several other solutions can be introduced to assist in reducing pollution and traffic problems	temporarily targets should be set, with regard to the limitations of pollutants in a certain period of time, for example, a season	low
several other solutions can be introduced to assist in reducing pollution and traffic problems	with supervisory institutions built to find and address problems	low
it is unfair to restrict those public service advertisements which are creative and inspiring	they are not in the purpose of making profits but taking a role of disseminating valued culture, good moral traits and calling for helps for the disabled and the poor	high
publicizing brand image or a particular product of mass media could boost sales for companies	a recent study shows that after launching an advertising campaign, the sales revenue would increase by 40%, which is the very fact to verify its positive influences on economic	high
that is not to say, however, that advertisements have no downsides	the advertising expenses lead to a higher product price and some of them express fake information, creating information asymmetry between consumers and companies	high
this hormone can delight one's mind, creating positive feelings	when people exercise, the neuron cells in the brain release a chemical compound named dopamine	high
statistics show a slight reduction in the number of smokers, indicating that they realize the effects of the negative habit	nowadays horrendous images are displayed on the cigarette boxes to illustrate the consequences of smoking	high
pictures can influence the way people think	statistics show a slight reduction in the number of smokers, indicating that they realize the effects of the negative habit	high
it is undeniable that images in the absence of words can obviously claim the attraction of many	the magnificent photograph captured by kevin carter, which portrayed a starving sudanese child struck by extreme poverty has successfully highlighted the plight faced by the citizens in sudan	high
it is undeniable that images in the absence of words can obviously claim the attraction of many	images are also widely used in newspapers, magazines and advertisements	high
written words are also vital in order to spread across certain messages	this is different when words are used to explain what the illustration is about	low
written words are also vital in order to spread across certain messages	academic textbooks these days are laden with words besides pictures to guide the readers to comprehend better	high
governments should spend money on keeping and preserving these things for the rich diversity of cultures which make our world more interesting	the clearance of minority of language means that a national traditional, customs and habitants do not exist	low
there are some drawbacks from saving minority languages	governments invest money on doing that, it is hard to gain the good results	low
there are some drawbacks from saving minority languages	the preservations need a long time to gather, restore all information as well as train in the educational centre	high
there are some drawbacks from saving minority languages	if they do not try their best, their protection can be halted and waste of money	low
art, to some extent, serve a valuable function about enriching one's daily lives	by comparison to these issues, the pursuit of art seems unimportant at all	low
the government should be accountable for citizens' health care and education to keep society safe and stable	citizens enjoy the right to live in a harmonious and stable environment, which should be enabled by the government, the leader of the society	low
it is a waste of public money for the government to subsidize health care and education of each citizen in society	a great number of people, in fact, have had the capacity to pay for the both privately	low
zoo is a good alternative choice for protecting animals	our environment is damaged day by day due to the fact that excessive pursuit of economic development at expense of eco-system, which pose a great threat to the survival of wild animals	high
zoo is a good alternative choice for protecting animals	various animals could be better protected by specialized staff	low
zoo is a good alternative choice for protecting animals	once the animal got sick, professional vet will help them promptly	high
zoo is a good alternative choice for protecting animals	thanks to the considerate care, the diversity of wild animal could be guaranteed	low
when children pay a visit to the zoos, they still could observe the eating behavior or leisure activities among animals, which would definitely enrich their knowledge associated with different animals	in the zoos, even though wild animals are caged, they have capability to walk in a limited area	high
zoos afford a platform to education teenagers, helping to establish eco-friendly behavior towards animals	when children pay a visit to the zoos, they still could observe the eating behavior or leisure activities among animals, which would definitely enrich their knowledge associated with different animals	high
zoos afford a platform to education teenagers, helping to establish eco-friendly behavior towards animals	children could acquire the information regarding how to protect wild animals according to guided tour or volunteers	low
complained about the drawbacks of zoos are often heard	some zoos are lack of systematic management which attributes to numerous wild animals die because of food shortage	high
they have to rely on natural resources to maintain their living standards	these needy countries lack adequate financial and human resources, advanced technologies and experience	high
the economic development and environmental protection can be conflicting	they have to rely on natural resources to maintain their living standards	low
unchecked and reckless uses of the local raw materials may happen, which can put a strain on the natural resources	people in the poverty-stricken areas are not likely to be equipped with knowledge to preserve the ecosystems	low
the booming economy can be closely linked to the preservation of the environment	with people raising their awareness of the green economy, the products free of pollutants are increasingly prevalent among clients, which means eco-friendly businesses can make a favorable impression on customers today, triggering sales	high
with people raising their awareness of the green economy, the products free of pollutants are increasingly prevalent among clients, which means eco-friendly businesses can make a favorable impression on customers today, triggering sales	electronic bicycles powered by clean energy resources have been well received among people in recent years	high
taking environmental consequences seriously can enhance working efficiencies	without the requirement of environmental preservation, the firm would still consume a vast amount of energy which constitutes a large part of its operational costs, being a hurdle to the economic development	high
it may spur its economic development	if a firm is environmentally conscious, it may have to make optimal use of its resources to improve its production lines and equipment, which can boost productivity	low
taking environmental consequences seriously can enhance working efficiencies	it may spur its economic development	low
public services and facilities should be given adequate attention by the authorities to maintain social stability	the government should give priority to public services and facilities	low
public services and facilities should be given adequate attention by the authorities to maintain social stability	the government plays the role of a leader among citizens, which should discharge the responsibility of making optimal use of the tax money to keep society safe and stable	low
arts should by no means been disregarded by the government	arts can enrich people's cultural lives	low
they require various entertainment such as music, movies or books to them ease their minds and release pressure	currently, people are increasingly occupied with their work and studies due to the stiff competition	low
arts should by no means been disregarded by the government	without arts, people would be at risk of suffering psychological problems	low
funding arts is beneficial to the local cultural and economic development	cultural heritage constitutes an essential part of arts	low
funding arts is beneficial to the local cultural and economic development	arts serve cultural and economic purposes	low
keeping animals in captivity is wrong	animals should be considered non-human persons and they should have the right of having freedom	low
many zoos, especially the ones in developing countries, do not provide care and attention which their animals require	the animals are often undernourished and do not have sufficient quality and quantity of medical treatment	high
keeping animals in captivity is wrong	sometimes animals from hot countries have to survive in the cold winter of somewhere in europe	high
zoos provide the public with good entertainment and also help to ensure the balance of the ecology	many people, especially young children enjoy going to zoos and see their favorite animals, cute baby-born animals and the animals that are from the different corners of the world	high
zoos provide the public with good entertainment and also help to ensure the balance of the ecology	zoos provide educational information about the lives of different animals to the public	low
zoos are needed to keep the nature balanced	zoos play an important role in reserving many breeds of animal and preventing them from being missing from life	low
zoos provide the public with good entertainment and also help to ensure the balance of the ecology	zoos are needed to keep the nature balanced	low
without any limitations, there will be more awe inspiring work from our artists	if there is control over artists' ideas, they will definitely lose their sense of creativity in the long run	low
without any limitations, there will be more awe inspiring work from our artists	paintings by da vinci and michallengo are admired even till now as they were not restricted during those times	high
human rights is violated if artists are not allowed to express their feelings freely	it is every human's right to be able to voice out their opinions in any ways as long as they do not cause any problems to the nation	low
human rights is violated if artists are not allowed to express their feelings freely	today, many countries make numerous efforts to show that they are democratic countries	low
arts is one of the ways that can be used to criticise social problems and government policies in a particular country	the famous movie '3 idiots' acted by amir khan criticises the education system which is chiefly based on memorising and not being able to apply whatever the students learn	high
in case there is anyone who brings up some sensitive issues in their films or books regarding any races, this might end up in some chaos among the society	they might go deeper into certain aspects that can cause controversies in a country	low
in case there is anyone who brings up some sensitive issues in their films or books regarding any races, this might end up in some chaos among the society	artists know their boundaries very well and would surely do not want their names tarnished just because of their unscrupulous acts	low
allowing them to think freely will give them an opportunity to express themselves	ideas can naturally flow when there are no limitations	low
there are many wonderful and beautiful arts due to the freedom to express ideas	allowing them to think freely will give them an opportunity to express themselves	low
there are many wonderful and beautiful arts due to the freedom to express ideas	even though freedom to express ideas can bring some negative effects	low
advertisements are, therefore, very important for many businesses to increase sales and hence profits	advertising is carried out with the main purpose of promoting different products and services or encouraging people to consume more	high
they can compare them and then have a better decision in choosing their internet or mobile phone plans	customers of telecommunication services will have an idea about the current offers of different companies	low
to consumers, advertising can bring them many benefits	they can compare them and then have a better decision in choosing their internet or mobile phone plans	high
some people have argued against advertising due to its negative impacts	a huge amount of different advertisements could be sent automatically by a system to personal phones or email addresses, this is generally known as spam, and causes discomfort or even annoyance to many people	high
some people have argued against advertising due to its negative impacts	advertising is believed by many, a financial burden to businesses	low
pursuit of nuclear technology one way or the other leads towards atomic weapons	last century has witnessed the horrors of such weapons	low
even civil usages of atomic power pose a dire threat of radio activity	recently there has been an incident in which an atomic power house leaked tons of radio active material into air when an earthquake hit the surrounding area	high
if the government provides those without work with a mobile phone, they will be able to find themselves an occupation in order to live and survive	when people without jobs have hand phones that have access to the internet, they will be able to browse the net for more job opportunities	high
if the government provides those without work with a mobile phone, they will be able to find themselves an occupation in order to live and survive	they can surf the the star onlines' work section to find a job that is suitable for them	high
if the government provides those without work with a mobile phone, they will be able to find themselves an occupation in order to live and survive	the mobile phones can also be used to make calls with the companies in which they would like to work with	high
the money can be used for other intentions rather than giving hand phones to the unemployed	supplying hand phones to the unemployed is a waste of the taxpayers' money	low
the money can be used for other intentions rather than giving hand phones to the unemployed	the money instead of being used to supply the electronic gadget can be used for other useful purposes for the country	low
the public's money is spent worthlessly	some might even go to the extent of lying that they are on unemployment to make them eligible to get the phones	high
when hand phones are provided for free, many would want to take advantage of this opportunity	the public's money is spent worthlessly	low
cctvs must be put in all workplace so that crime rates can be minimized	by having cctv cameras at workplace, crimes such as robbery can be trimmed down	low
by having cctv cameras at workplace, crimes such as robbery can be trimmed down	when a shop is attacked by thieves, the clips taken by these cameras serve as a source of evidence to help the thieves to be traced	high
cctvs must be put in all workplace so that crime rates can be minimized	as the employees know that they are under constant surveillance, they will less likely steal from the shops	high
privacies are lost with the use of these cameras	safety should be put first in order to be safe	low
this is chiefly to shield oneself from being harmed by any intruders or robbers	privacies are lost with the use of these cameras	low
the installation of cctv cameras may help the employees escape this situation	face-to-face interactions with an annoyed customer can put the employee in physical danger	low
those opposing the cctv systems feel that their privacies are invaded with the constant monitoring of the cameras	one must realize that safety is of paramount importance compared to privacy and prevention is always better than suffering from the consequences	low
those opposing the cctv systems feel that their privacies are invaded with the constant monitoring of the cameras	opponents of this system should try to comprehend the situation and take actions to prevent themselves from being victims of crime	low
it is a good idea for children to past their first earlier life in the cities	education is better in big cities in comparison with countrysides	low
it is a good idea for children to past their first earlier life in the cities	in my country the best schools, universities and institutes are located in cities, and todays education is one of the most important parts of our children's life	high
children who live in cities have a lot of entertainment	it is acknowledged that a large number of creational facilities are built in cities	low
children who live in cities have a lot of entertainment	in countrysides we hardly ever see creational facilities	low
children who live in cities have a lot of entertainment	children who live in countrysides most of the time pass their free time in farms	low
they can exchange their knowledge, they can learn different cultures	via internet they can have connection with the other children all around the world	low
there are a large number of opportunities in privat works that you cannot find them when you work for the others	you always have to be responsible for your task, and it make a stressful situation that i never like it	low
there are some authorities in privat jobs that workers are always looking for them while they are working for the others	sometimes some occasions happen to people for example a disease, sticking in a traffic jam and sometime going on a vacation	high
farmlands are vital for human life	human needs for food is increasing as well	high
some lands should be assigned to industry	human need some crucial things to continue their life, and most of them are industrial such as medicine	low
some lands should be assigned to industry	todays life has some difficulty which become comfortable with the help of industry	low
we have to be aware to never judge with their appearance	some people cheat their fiance before marriage by showing a cheerful face and well spoken; however, after getting marriage they show their real personality	high
there are some people who are black skin, fat and frown, nonetheless they might be a great person for leaving and colleague	i have a neighbor who are old, black skin and frown and i had always panicked of her	high
there are some people who are black skin, fat and frown, nonetheless they might be a great person for leaving and colleague	one day in a cold winter while i was getting back to home from school i realized that i lost my keys, so i could not do anything before my parents getting back home	high
there are some people who are black skin, fat and frown, nonetheless they might be a great person for leaving and colleague	she asked me to stay with her till my parents come, also she was great in hospitality and her behavior was unforgettable	high
there are some people who are black skin, fat and frown, nonetheless they might be a great person for leaving and colleague	i had to never judge with people's appearance	low
a single international language serves an economic purpose	a single international language plays a pivotal role in global economic cooperation	low
a single international language serves an economic purpose	as businessmen from different countries have access to the same language, they can communicate with each other more efficiently and deeply on trade, which can intensify the transnational cooperation	high
a single international language serves an economic purpose	without the availability of the same language, there might be a chance that misunderstanding and conflicts would ensue over business negotiations, impeding collaborations between them	high
if people are equipped with a single international language, they can tell each other smoothly about their countries' specific cultures such as the traditional customs or the modern lifestyles, which enables people to expand their outlooks, viewing the world in new angles	when people travel to foreign countries, the local people can introduce the tourist attractions to such people with the command of the universal language, helping foreign visitors have an enjoyable exotic experience	high
a universal language is an integral part of cultural communication and interactions	if people are equipped with a single international language, they can tell each other smoothly about their countries' specific cultures such as the traditional customs or the modern lifestyles, which enables people to expand their outlooks, viewing the world in new angles	high
some asians are seeking individualism, previously denied by many asian countries	they have gradually identified with such values expressed in american movies, which are imported by the governments as a result of the proliferation of english	high
following fashion trends enables people to keep up with the world's latest transformations, which is of vital importance if we consider the fact that people are living in a global village today	when individuals keep the habit of grasping the world's cutting-edge fashion information, they are gradually changing their attitudes to viewing the world, which means they are more open to accept diverse voices from people around the world	high
following fashion trends enables people to keep up with the world's latest transformations, which is of vital importance if we consider the fact that people are living in a global village today	they might fall behind shortly	low
they might fall behind shortly	if they stuck to their own fashion styles, disregarding the world's top fashion designers' achievements, they would stay conservative in their own worlds	high
without following fashion trends, such people would have a hard time choosing and matching clothes, let alone forming their own dressing styles	people with inadequate aesthetic knowledge or poor originality develop their own senses of fashion when treasuring the latest fashion information	high
the world would look monotonous	following fashion trends constantly may undermine individuals' personalities	low
such aid could also create a win-win situation	underdeveloped nations no doubt receive direct benefits through such deeds	low
it is inhumane to watch one's fellowman struggle against famine and poverty without doing anything to help, especially when the onlooker takes no effort to do so	compassion, a virtue preached in almost all religions from buddhism to mohammedanism, is what distinguishes us human beings from animals	high
such aid could also create a win-win situation	related research is conducted accordingly to conquer the problem, promoting the development of the pharmaceutical industry	high
the potential market in those poor countries, most of which has a huge population, is also a thing worth mentioning	by building a good relationship with them, wealthy nations can not only broaden their global market, but also facilitate future international commerce	high
health education will help people to have right choices of treatment to recover more quickly	instead of afraid or panic, they may be calmer if unfortunately committing some normal diseases such as allergy or illness in seasonal changes	low
preventative measures will help improve general health state of all citizens	vaccines will guarantee that pregnant women and their babies are protected from serious infectious diseases such as flu, smallpox, rubella so on	high
preventative measures will help improve general health state of all citizens	when huge injection campaigns are organized throughout our country, the community's health state will be improved remarkably	low
investing money to enhance the general health state is a totally right decision	preventative measures will help improve general health state of all citizens	low
investing money to enhance the general health state is a totally right decision	human resources play a key role in the development of a country	low
today entertainment is easier for people to enjoy than ever before	the fact is that such news media as televisions, radios, or newspapers are bringing many news on entertainment sector from all over the world to everybody	high
the popularity of news media is beneficial to human beings	this is a convenient way of relaxation after hard work	low
the popularity of news media is beneficial to human beings	today entertainment is easier for people to enjoy than ever before	low
there is a strong likelihood that today people are able to know the world better	it is clearly seen that mass media provide people with a variety of global news on all fields, including political situation, economic change, global warming, and so forth	high
news media help people broaden their knowledge	there is a strong likelihood that today people are able to know the world better	low
news media help people broaden their knowledge	this is particularly essential when the globalization process has been permeating into all areas of society	low
news media help people broaden their knowledge	the fast growth of news media is helpful for people worldwide	low
the progress of news media is an advantageous development	it relaxes people with plentiful entertainment news	low
the progress of news media is an advantageous development	it enriches people's knowledge with worldwide information	low
the progress of news media is an advantageous development	it also positively affects the way people live in many other aspects	low
it would be easier for the juries to make a decision if they know about the past information about the criminal	knowing their background very well will enable the juries to analyze the crime before coming up with a judgment	low
knowing their background very well will enable the juries to analyze the crime before coming up with a judgment	the juries will be able to know weather the individual committed the crime intentionally or due to circumstances by knowing the facts about the person	high
it would be easier for the juries to make a decision if they know about the past information about the criminal	punishment can be given in accordance to the condition	low
the convicted will also receive a fair action	a fair trial can be achieved	low
the convicted will also receive a fair action	the juries will have a sense of relief that they have come up with better conclusion based on plenty of evidences	low
when the background of the convicted is 'dug' deeper and is revealed to mass of anonymous people, his privacy is being jeopardized	the crimes done by criminals should be brought to light and the public should be aware of it so that they will not become a victim as well	low
there are many good opportunities for discovering different cultures	a large number of people will gather in the host city for sport events	high
sport events with the spirit of healthiness, honesty and fairness can help strengthen understanding, friendship and solidarity among nations	there are many good opportunities for discovering different cultures	low
sport events with the spirit of healthiness, honesty and fairness can help strengthen understanding, friendship and solidarity among nations	after sharing competitive but interesting moments in each competition, the competitors often shake hands friendly and congratulate the winners, which can lead to an improvement in the relationships among nations	high
sport events help to wake up love and responsibilities strongly in each citizen	seeing national flags be honored may be the most emotional moments to each athlete	high
when witnessing our national flags flying proudly among others, many of us can stop hiding our pride and happiness	when vietnam became the champion of seagames for the first time in 2008, a festival atmosphere permeated into the streets	high
when witnessing our national flags flying proudly among others, many of us can stop hiding our pride and happiness	people from all ages turned out to the streets with flags, banners and they sang aloud songs of ho chi minh president	high
when witnessing our national flags flying proudly among others, many of us can stop hiding our pride and happiness	the eager atmosphere lasted many next days	high
when witnessing our national flags flying proudly among others, many of us can stop hiding our pride and happiness	some hooligans were so excited that they took part in motor racing or using fireworks illegally	high
some hooligans were so excited that they took part in motor racing or using fireworks illegally	the hooligans only took a minority of people	high
sport events help to wake up love and responsibilities strongly in each citizen	when witnessing our national flags flying proudly among others, many of us can stop hiding our pride and happiness	high
when children take jobs, they tend to be more responsible	whether they can earn money or not will depend on their effectiveness and attitudes in working	high
children will be more material, neglect their study for earning money or be exploited by the employers	if children get good care and instructions from their parents, they can take advantages of the work to learn valuable things and avoid going in a wrong way	high
experience gained through traveling to different places, meeting different people and even at job goes long way	it not only enhances the confidence of a student but also makes them independent	low
experience gained through traveling to different places, meeting different people and even at job goes long way	student's who works tend to gather better financial resources which they can rely on during their university studies	high
taking a break not just has benefits but it also comes with some negative impacts	once student's starts earning, they might not like to go back to studies where they would lose their financial independence	high
taking a break not just has benefits but it also comes with some negative impacts	probably some might take some short term courses instead of proper and complete university education, which will help them to get a better job and salaries	high
taking a break not just has benefits but it also comes with some negative impacts	this might only help them in a short run as it is a known fact that to make a reasonable career in longer runs, one needs a proper and higher qualification	high
it is certainly true that university education is of paramount importance for certain professions such as doctor, engineer and lawyer	this can benefit them in future when they intend to open up their own companies or hospitals	low
there are also a significant number of people who are very successful in their fields without going to university	take for instance those who start their own business	low
there are also a significant number of people who are very successful in their fields without going to university	these people depend solely on hard work and luck	high
there are also a significant number of people who are very successful in their fields without going to university	for some of them it proved to be a profitable job	low
there are also a significant number of people who are very successful in their fields without going to university	michael dell who is the founder and the ceo of dell left college at 19	high
there are also a significant number of people who are very successful in their fields without going to university	he started his computer company in his college dorm room	high
there are also a significant number of people who are very successful in their fields without going to university	he used his earnings as well as his family's loan in order to progress to be who he is now	high
individuals born with talents have also a high chance to be successful	people with natural talents are also most likely to excel in their life	low
individuals born with talents have also a high chance to be successful	this is especially true in sectors like entertainment and sports	low
the introduction of increasing number of reality shows have made it possible for all those lucky ones to triumph	david archuleta who was once a nobody has now taken up a large space in hearts of many	high
most of them will be forced to take up careers which are poles apart from what they had studied for	due to the lack of genuine passion on the work which was not of their option, there is a greater possibility for their performance standard to dwindle at their workplace	high
it would indeed be better if at an older age, opportunities are given to the younger ones	the academic institution will have to pay for his medical bills, resulting in more loss for the institution	high
it would indeed be better if at an older age, opportunities are given to the younger ones	beyond that age, a large proportion of them have an elevated chance of contracting a multitude of health problems such as stress related diseases and cardiovascular illnesses	high
it is highly recommended that the retiree come over to the companies or hospitals to have regular sessions with the present staffs to bridge the gap between them and to pass on their knowledge	their invaluable experiences and knowledge in their respective fields such as engineering, medicine, and law can certainly be beneficial to the younger generation	high
the expertise of the senior workers who had retired should never be underestimated	it is highly recommended that the retiree come over to the companies or hospitals to have regular sessions with the present staffs to bridge the gap between them and to pass on their knowledge	high
people may not get a spiritual experience	pictures online are only limited to a screen size	high
most people nowadays prefer to use the internet to search for art work	the exhibits in museums or galleries are all life size and visitors can get a more direct felling	high
in order to help visitors to learn more about the exhibits, museums hold various activities which make visitors be part of what they are seeing	at american museum of natural history, you can make a bone-by-bone reproduction of the museum's stegosaurus	high
in order to help visitors to learn more about the exhibits, museums hold various activities which make visitors be part of what they are seeing	at museum of art in new york, you can look at 17th century instruments while listening to their music	high
seeing an art work on computer screen is not the same as you watch it by your own eyes	you can't see the texture of the artwork which is very important to study the skills used by the artist	high
some details might be dim	the resolution ratio of the screen is not high enough	high
